Code,Name,Market,pass,Close,Chg%,Amount억,Marcap억,ClosePos,UpperWick,VolRatio,MA20Gap%,Break20H,Trend,sig_n,sig_mean%,sig_median%,sig_win%,sig_worst%,base60_mean%,base60_win%,last_bar,error,enough
096530,씨젠,KOSDAQ GLOBAL,True,40100.0,5.944517833553498,230.002858,18740.495202,0.8771929824561403,0.12280701754385964,2.142940097687188,18.420081210778893,True,True,8,-0.5420852607414335,-0.693880355760482,50.0,-2.3612499999999956,-0.2527991433140661,33.33333333333333,2026-10-07,,True
085620,미래에셋생명,KOSPI,True,23000.0,13.022113022113025,102.11185225,31091.4,0.875,0.125,3.861510275071343,16.5648835618174,True,True,1,9.553720930232554,9.553720930232554,100.0,9.553720930232554,-0.3534076826563534,35.0,2026-10-07,,False
128820,대성산업,KOSPI,True,5060.0,19.621749408983447,268.15939056,2288.9151868,0.8514851485148515,0.1485148514851485,40.59725413932532,21.023678545802447,True,True,1,-2.6869023569023573,-2.6869023569023573,0.0,-2.6869023569023573,-0.32989889778921117,25.0,2026-10-07,,False
003350,한국화장품제조,KOSPI,True,17280.0,15.895372233400407,809.923839,3915.648,0.7797202797202797,0.2202797202797203,2.6364948796045695,15.701372614663534,False,True,0,,,,,-0.5283815436861719,30.0,2026-10-07,,False
290650,엘앤씨바이오,KOSDAQ,False,59600.0,12.452830188679243,137.32619,16073.943584,0.9696969696969697,0.030303030303030304,1.1288698569605076,21.101290257035465,True,True,5,1.341993811903396,0.6829130071099946,60.0,-1.0627560104160358,-0.8206772265169522,35.0,2026-10-07,,True
352820,하이브,KOSPI,False,167600.0,6.480304955527316,522.770422,72247.057136,0.8796992481203008,0.12030075187969924,1.7824608768292884,0.8059665584025044,False,False,6,0.46300388774929946,1.0064587686993889,66.66666666666666,-1.4608562197092088,-0.387666569419601,30.0,2026-10-07,,True
028670,팬오션,KOSPI,False,6210.0,3.3277870216306127,134.5734007,33196.7666952,0.88,0.12,0.7869232473449617,5.209656925031769,False,True,10,-0.08466596262215771,-0.33,30.0,-2.6478807947019876,-0.212649282639174,36.666666666666664,2026-10-07,,True
281820,케이씨텍,KOSPI,False,127500.0,19.943555973659443,784.5127175,25243.292775,1.0,0.0,3.055342852299831,57.41712451385887,True,True,7,-2.097771881161455,-2.987807308970095,14.285714285714285,-4.074798890429957,0.2388505535828617,51.66666666666667,2026-10-07,,True
028050,삼성E&A,KOSPI,False,49350.0,2.7055150884495394,553.6631905,96726.0,0.8695652173913043,0.13043478260869565,0.6426790669573685,-0.8737571557698054,False,False,4,0.48249057145298946,0.49644853889362045,75.0,-1.107604976671853,-0.47797796518498176,30.0,2026-10-07,,False
278470,에이피알,KOSPI,False,382000.0,5.67081604426003,944.60873,143013.7521,0.8837209302325582,0.11627906976744186,1.0892081813528738,4.250528757590222,False,True,4,-0.7489872458665007,-0.9227033043505781,25.0,-1.7286013986013957,-0.07508884647009118,51.66666666666667,2026-10-07,,False
087010,펩트론,KOSDAQ,False,133700.0,3.3230293663060184,188.8633505,31175.29695,0.7951219512195122,0.2048780487804878,1.0327434905264832,-6.839006375640178,False,False,4,-1.2332249880964683,-1.335465246636772,25.0,-2.9523776223776252,-0.9499121933174576,31.666666666666664,2026-10-07,,False
241710,코스메카코리아,KOSDAQ GLOBAL,False,116300.0,5.727272727272736,138.723821,12420.84,0.7727272727272727,0.22727272727272727,0.9284382767191384,-6.620097153639248,False,False,4,-1.2625036840155093,-1.6898889090627842,25.0,-2.415505735140769,-0.5176191376926939,28.333333333333332,2026-10-07,,False
042510,라온시큐어,KOSDAQ,False,16870.0,13.44989912575656,2429.0091703,1873.5531836,0.7591973244147158,0.2408026755852843,8.74969731122739,49.43088710748926,True,True,0,,,,,0.3658215405136714,50.0,2026-10-07,,False
